{
    "vehicleAdjustables":
    [
        {
            "adjustables": 
            {
                "delays":
                {
                    "accelerationDelay": 0,
                    "decelerationDelay": 0,
                    "refuelingDelay": 0
                },
                "terrainSpeedFactor": 
                {
                    "N_A": 1,
                    "Asphalt": 1,
                    "Clay": 1,
                    "Gravel": 1,
                    "Ice": 1,
                    "Sand": 1,
                    "Snow": 1
                },
                "terrain": 
                {
                    "N_A": 1,
                    "Asphalt": 1,
                    "Clay": 1,
                    "Gravel": 1,
                    "Ice": 1,
                    "Sand": 1,
                    "Snow": 1
                },
                "weather": 
                {
                    "Foggy": 1,
                    "Icy": 1,
                    "Rainy": 1,
                    "Snowy": 1,
                    "Stormy": 1,
                    "Sunny": 1,
                    "Windy": 1
                }
            },
            "boosts":
            {
                "boostFactor": 1,
                "rangeLimitLower": 0,
                "rangeLimitUpper": 0
            },
            "maxSpeed": 400,
            "vehicleType": "aa-9 coruscant freighter"
        },
        {
            "adjustables": 
            {
                "delays":
                {
                    "accelerationDelay": 900,
                    "decelerationDelay": 900,
                    "refuelingDelay": 300
                },
                "terrainSpeedFactor": 
                {
                    "N_A": 1,
                    "Asphalt": 1,
                    "Clay": 1,
                    "Gravel": 1,
                    "Ice": 1,
                    "Sand": 1,
                    "Snow": 1
                },
                "terrain": 
                {
                    "N_A": 1,
                    "Asphalt": 1,
                    "Clay": 1,
                    "Gravel": 1,
                    "Ice": 1,
                    "Sand": 1,
                    "Snow": 1
                },
                "weather": 
                {
                    "Foggy": 1,
                    "Icy": 1,
                    "Rainy": 1,
                    "Snowy": 1,
                    "Stormy": 1,
                    "Sunny": 1,
                    "Windy": 1
                }
            },
            "boosts":
            {
                "boostFactor": 0.3,
                "rangeLimitLower": 0,
                "rangeLimitUpper": 200
            },
            "maxSpeed": 175,
            "vehicleType": "airship / zeppelin"
        },
        {
            "adjustables": 
            {
                "delays":
                {
                    "accelerationDelay": 0,
                    "decelerationDelay": 0,
                    "refuelingDelay": 180
                },
                "terrainSpeedFactor": 
                {
                    "N_A": 1,
                    "Asphalt": 1,
                    "Clay": 1,
                    "Gravel": 1,
                    "Ice": 1,
                    "Sand": 1,
                    "Snow": 1
                },
                "terrain": 
                {
                    "N_A": 1,
                    "Asphalt": 1,
                    "Clay": 1,
                    "Gravel": 1,
                    "Ice": 1,
                    "Sand": 1,
                    "Snow": 1
                },
                "weather": 
                {
                    "Foggy": 1,
                    "Icy": 1,
                    "Rainy": 1,
                    "Snowy": 1,
                    "Stormy": 1,
                    "Sunny": 1,
                    "Windy": 1
                }
            },
            "boosts":
            {
                "boostFactor": 0.1,
                "rangeLimitLower": 0,
                "rangeLimitUpper": 100
            },
            "maxSpeed": 150,
            "vehicleType": "box truck"
        },
        {
            "adjustables": 
            {
                "delays":
                {
                    "accelerationDelay": 55800,
                    "decelerationDelay": 55800,
                    "refuelingDelay": 3600
                },
                "terrainSpeedFactor": 
                {
                    "N_A": 1,
                    "Asphalt": 1,
                    "Clay": 1,
                    "Gravel": 1,
                    "Ice": 1,
                    "Sand": 1,
                    "Snow": 1
                },
                "terrain": 
                {
                    "N_A": 1,
                    "Asphalt": 1,
                    "Clay": 1,
                    "Gravel": 1,
                    "Ice": 1,
                    "Sand": 1,
                    "Snow": 1
                },
                "weather": 
                {
                    "Foggy": 1,
                    "Icy": 1,
                    "Rainy": 1,
                    "Snowy": 1,
                    "Stormy": 1,
                    "Sunny": 1,
                    "Windy": 1
                }
            },
            "boosts":
            {
                "boostFactor": 1,
                "rangeLimitLower": 0,
                "rangeLimitUpper": 0
            },
            "maxSpeed": 75,
            "vehicleType": "cargo ship"
        },
        {
            "adjustables": 
            {
                "delays":
                {
                    "accelerationDelay": 0,
                    "decelerationDelay": 0,
                    "refuelingDelay": 0
                },
                "terrainSpeedFactor": 
                {
                    "N_A": 1,
                    "Asphalt": 1,
                    "Clay": 1,
                    "Gravel": 1,
                    "Ice": 1,
                    "Sand": 1,
                    "Snow": 1
                },
                "terrain": 
                {
                    "N_A": 1,
                    "Asphalt": 1,
                    "Clay": 1,
                    "Gravel": 1,
                    "Ice": 1,
                    "Sand": 1,
                    "Snow": 1
                },
                "weather": 
                {
                    "Foggy": 1,
                    "Icy": 1,
                    "Rainy": 1,
                    "Snowy": 1,
                    "Stormy": 1,
                    "Sunny": 1,
                    "Windy": 1
                }
            },
            "boosts":
            {
                "boostFactor": 0.0001,
                "rangeLimitLower": 0,
                "rangeLimitUpper": 8
            },
            "maxSpeed": 8,
            "vehicleType": "delivery robot"
        },
        {
            "adjustables": 
            {
                "delays":
                {
                    "accelerationDelay": 0,
                    "decelerationDelay": 0,
                    "refuelingDelay": 0
                },
                "terrainSpeedFactor": 
                {
                    "N_A": 1,
                    "Asphalt": 1,
                    "Clay": 1,
                    "Gravel": 1,
                    "Ice": 1,
                    "Sand": 1,
                    "Snow": 1
                },
                "terrain": 
                {
                    "N_A": 1,
                    "Asphalt": 1,
                    "Clay": 1,
                    "Gravel": 1,
                    "Ice": 1,
                    "Sand": 1,
                    "Snow": 1
                },
                "weather": 
                {
                    "Foggy": 1,
                    "Icy": 1,
                    "Rainy": 1,
                    "Snowy": 1,
                    "Stormy": 1,
                    "Sunny": 1,
                    "Windy": 1
                }
            },
            "boosts":
            {
                "boostFactor": 1,
                "rangeLimitLower": 0,
                "rangeLimitUpper": 0
            },
            "maxSpeed": 27785,
            "vehicleType": "dragon assault launcher"
        },
        {
            "adjustables": 
            {
                "delays":
                {
                    "accelerationDelay": 0,
                    "decelerationDelay": 0,
                    "refuelingDelay": 3600
                },
                "terrainSpeedFactor": 
                {
                    "N_A": 1,
                    "Asphalt": 1,
                    "Clay": 1,
                    "Gravel": 1,
                    "Ice": 1,
                    "Sand": 1,
                    "Snow": 1
                },
                "terrain": 
                {
                    "N_A": 1,
                    "Asphalt": 1,
                    "Clay": 1,
                    "Gravel": 1,
                    "Ice": 1,
                    "Sand": 1,
                    "Snow": 1
                },
                "weather": 
                {
                    "Foggy": 1,
                    "Icy": 1,
                    "Rainy": 1,
                    "Snowy": 1,
                    "Stormy": 1,
                    "Sunny": 1,
                    "Windy": 1
                }
            },
            "boosts":
            {
                "boostFactor": 0.35,
                "rangeLimitLower": 0,
                "rangeLimitUpper": 150
            },
            "maxSpeed": 260,
            "vehicleType": "drone"
        },
        {
            "adjustables": {
                "delays":
                {
                    "accelerationDelay": 0,
                    "decelerationDelay": 0,
                    "refuelingDelay": 0
                },
                "terrainSpeedFactor": 
                {
                    "N_A": 1,
                    "Asphalt": 1,
                    "Clay": 1,
                    "Gravel": 1,
                    "Ice": 1,
                    "Sand": 1,
                    "Snow": 1
                },
                "terrain": 
                {
                    "N_A": 1,
                    "Asphalt": 1,
                    "Clay": 1,
                    "Gravel": 1,
                    "Ice": 1,
                    "Sand": 1,
                    "Snow": 1
                },
                "weather": 
                {
                    "Foggy": 1,
                    "Icy": 1,
                    "Rainy": 1,
                    "Snowy": 1,
                    "Stormy": 1,
                    "Sunny": 1,
                    "Windy": 1
                }
            },
            "boosts":
            {
                "boostFactor": 1,
                "rangeLimitLower": 0,
                "rangeLimitUpper": 0
            },
            "maxSpeed": 4200,
            "vehicleType": "flying saucer (ufo)"
        },
        {
            "adjustables": {
                "delays":
                {
                    "accelerationDelay": 1800,
                    "decelerationDelay": 1800,
                    "refuelingDelay": 1800
                },
                "terrainSpeedFactor": 
                {
                    "N_A": 1,
                    "Asphalt": 1,
                    "Clay": 1,
                    "Gravel": 1,
                    "Ice": 1,
                    "Sand": 1,
                    "Snow": 1
                },
                "terrain": 
                {
                    "N_A": 1,
                    "Asphalt": 1,
                    "Clay": 1,
                    "Gravel": 1,
                    "Ice": 1,
                    "Sand": 1,
                    "Snow": 1
                },
                "weather": 
                {
                    "Foggy": 1,
                    "Icy": 1,
                    "Rainy": 1,
                    "Snowy": 1,
                    "Stormy": 1,
                    "Sunny": 1,
                    "Windy": 1
                }
            },
            "boosts":
            {
                "boostFactor": 0.8,
                "rangeLimitLower": 250,
                "rangeLimitUpper": 25000
            },
            "maxSpeed": 1750,
            "vehicleType": "freight aircraft"
        },
        {
            "adjustables": 
            {
                "delays":
                {
                    "accelerationDelay": 60,
                    "decelerationDelay": 60,
                    "refuelingDelay": 60
                },
                "terrainSpeedFactor": 
                {
                    "N_A": 1,
                    "Asphalt": 1,
                    "Clay": 1,
                    "Gravel": 1,
                    "Ice": 1,
                    "Sand": 1,
                    "Snow": 1
                },
                "terrain": 
                {
                    "N_A": 1,
                    "Asphalt": 1,
                    "Clay": 1,
                    "Gravel": 1,
                    "Ice": 1,
                    "Sand": 1,
                    "Snow": 1
                },
                "weather": 
                {
                    "Foggy": 1,
                    "Icy": 1,
                    "Rainy": 1,
                    "Snowy": 1,
                    "Stormy": 1,
                    "Sunny": 1,
                    "Windy": 1
                }
            },
            "boosts":
            {
                "boostFactor": 0.25,
                "rangeLimitLower": 0,
                "rangeLimitUpper": 200
            },
            "maxSpeed": 650,
            "vehicleType": "hot-air balloon"
        },
        {
            "adjustables": 
            {
                "delays":
                {
                    "accelerationDelay": 900,
                    "decelerationDelay": 900,
                    "refuelingDelay": 1800
                },
                "terrainSpeedFactor": 
                {
                    "N_A": 1,
                    "Asphalt": 1,
                    "Clay": 1,
                    "Gravel": 1,
                    "Ice": 1,
                    "Sand": 1,
                    "Snow": 1
                },
                "terrain": 
                {
                    "N_A": 1,
                    "Asphalt": 1,
                    "Clay": 1,
                    "Gravel": 1,
                    "Ice": 1.5,
                    "Sand": 1,
                    "Snow": 1.5
                },
                "weather": 
                {
                    "Foggy": 1,
                    "Icy": 1,
                    "Rainy": 1,
                    "Snowy": 1,
                    "Stormy": 1,
                    "Sunny": 1,
                    "Windy": 1
                }
            },
            "boosts":
            {
                "boostFactor": 2,
                "rangeLimitLower": 0,
                "rangeLimitUpper": 100
            },
            "maxSpeed": 500,
            "vehicleType": "locomotive / train"
        },
        {
            "adjustables": 
            {
                "delays":
                {
                    "accelerationDelay": 300,
                    "decelerationDelay": 300,
                    "refuelingDelay": 600
                },
                "terrainSpeedFactor": 
                {
                    "N_A": 1,
                    "Asphalt": 1,
                    "Clay": 1,
                    "Gravel": 1,
                    "Ice": 1,
                    "Sand": 1,
                    "Snow": 1
                },
                "terrain": 
                {
                    "N_A": 1,
                    "Asphalt": 1,
                    "Clay": 1,
                    "Gravel": 1,
                    "Ice": 1,
                    "Sand": 1,
                    "Snow": 1
                },
                "weather": 
                {
                    "Foggy": 1,
                    "Icy": 1,
                    "Rainy": 1,
                    "Snowy": 1,
                    "Stormy": 1,
                    "Sunny": 1,
                    "Windy": 1
                }
            },
            "boosts":
            {
                "boostFactor": 0.15,
                "rangeLimitLower": 0,
                "rangeLimitUpper": 200
            },
            "maxSpeed": 210,
            "vehicleType": "semi truck"
        },
        {
            "adjustables": 
            {
                "delays":
                {
                    "accelerationDelay": 0,
                    "decelerationDelay": 0,
                    "refuelingDelay": 0
                },
                "terrainSpeedFactor": 
                {
                    "N_A": 1,
                    "Asphalt": 1,
                    "Clay": 1,
                    "Gravel": 1,
                    "Ice": 1,
                    "Sand": 1,
                    "Snow": 1
                },
                "terrain": 
                {
                    "N_A": 1,
                    "Asphalt": 1,
                    "Clay": 1,
                    "Gravel": 1,
                    "Ice": 1,
                    "Sand": 1,
                    "Snow": 1
                },
                "weather": 
                {
                    "Foggy": 1,
                    "Icy": 1,
                    "Rainy": 1,
                    "Snowy": 1,
                    "Stormy": 1,
                    "Sunny": 1,
                    "Windy": 1
                }
            },
            "boosts":
            {
                "boostFactor": 1,
                "rangeLimitLower": 0,
                "rangeLimitUpper": 0
            },
            "maxSpeed": 27785,
            "vehicleType": "space launcher"
        },
        {
            "adjustables": 
            {
                "delays":
                {
                    "accelerationDelay": 0,
                    "decelerationDelay": 0,
                    "refuelingDelay": 120
                },
                "terrainSpeedFactor": 
                {
                    "N_A": 1,
                    "Asphalt": 1,
                    "Clay": 1,
                    "Gravel": 1,
                    "Ice": 0.65,
                    "Sand": 1,
                    "Snow": 0.65
                },
                "terrain": 
                {
                    "N_A": 1,
                    "Asphalt": 1,
                    "Clay": 1,
                    "Gravel": 1,
                    "Ice": 1,
                    "Sand": 1,
                    "Snow": 1
                },
                "weather": 
                {
                    "Foggy": 1,
                    "Icy": 1,
                    "Rainy": 1,
                    "Snowy": 1,
                    "Stormy": 1,
                    "Sunny": 1,
                    "Windy": 1
                }
            },
            "boosts":
            {
                "boostFactor": 1,
                "rangeLimitLower": 0,
                "rangeLimitUpper": 0
            },
            "maxSpeed": 400,
            "vehicleType": "van"
        },
        {
            "adjustables": 
            {
                "delays":
                {
                    "accelerationDelay": 0,
                    "decelerationDelay": 0,
                    "refuelingDelay": 0
                },
                "terrainSpeedFactor": 
                {
                    "N_A": 1,
                    "Asphalt": 1,
                    "Clay": 1,
                    "Gravel": 1,
                    "Ice": 1,
                    "Sand": 1,
                    "Snow": 1
                },
                "terrain": 
                {
                    "N_A": 1,
                    "Asphalt": 1,
                    "Clay": 1,
                    "Gravel": 1,
                    "Ice": 1,
                    "Sand": 1,
                    "Snow": 1
                },
                "weather": 
                {
                    "Foggy": 1,
                    "Icy": 1,
                    "Rainy": 1,
                    "Snowy": 1,
                    "Stormy": 1,
                    "Sunny": 1,
                    "Windy": 1
                }
            },
            "boosts":
            {
                "boostFactor": 1,
                "rangeLimitLower": 0,
                "rangeLimitUpper": 0
            },
            "maxSpeed": 27785,
            "vehicleType": "x-wing"
        }
    ]
}
